tweet_id,customer_text,support_reply,weak_intent,gold_intent,gold_escalate,gold_escalation_reason,human_reply_score_1_to_5,annotation_notes,reviewed,split
1717453,@115858 what’s up man? Got me looking stupid af in my tweets with this letter glitch.,@520052 Here’s what you can do to work around the issue until it’s fixed in a future software update: https://t.co/xXaXeeSRt9,other,,,,,,False,dev
2294470,@115858 Édit:Wifi et Bluetooth ne se désactive pas 🤪,@666263 We offer support via Twitter in English. Contact us for help in your preferred language here: https://t.co/IBIY3vMgPj,service_and_connectivity,,,,,,False,test
2523434,Hey @116602 and @AppleSupport  the Netflix app freezes during tv shows or movies on WiFi or on my network on the IPhone X. Is this problem being fixed?#PleaseHelp,@442303 We're here to help. Please meet us in DM and we'll take a further look at this together. https://t.co/GDrqU22YpT,service_and_connectivity,,,,,,False,test
1981673,@115858 WTF IS GOOD WITH THIS VOODOO HIEROGLYPHIC AUTOCORRECT???? I️ JUST WANNA TYPE THE LETTER ‘i’ https://t.co/b5tG9T0Rtl,@586585 Thanks for reaching out to us for support. We would love to help you. Please DM us so that we can look into this together. https://t.co/GDrqU22YpT,other,,,,,,False,test
1395635,@AppleSupport I turned my MacBook pro on. It loads up to the password part. I enter my password and the screen keeps going black! What do I do?,"@444544 Let’s force your Mac to shut down by holding the power button, then try again. Be sure to disconnect all external devices.",account_and_security,,,,,,False,test
2297335,"Super cool that my brand new less than a month old iPhone 8+ is total shit. No WiFi, no Bluetooth, @AppleSupport tells me to reset",@666928 We'd like to help. Let's take this to DM and we'll explore ways to provide you assistance. https://t.co/GDrqU22YpT,service_and_connectivity,,,,,,False,dev
2356487,"@AppleSupport Hello! Automatic downloading of songs when I add them isn’t working in Apple Music. Moreover, when I add songs on my iPad they don’t synchronize on my iPhone (iCloud music library is on).",@137157 Thanks for reaching out. DM which devices you are using for Apple Music to get started. https://t.co/GDrqU22YpT,service_and_connectivity,,,,,,False,test
31426,@AppleSupport iOS11 I’ve tried resetting the keyboard it didn’t work.,@122931 Join us in DM and send us a screenshot of Settings &gt; General &gt; About. https://t.co/GDrqU22YpT,software_and_update,,,,,,False,test
1671946,Fix this I️ bullshit @115858,@508884 Here’s what you can do to work around the issue until it’s fixed in a future software update: https://t.co/xXaXeeSRt9,other,,,,,,False,test
1792686,@AppleSupport how do i get in contact with someone very high up in apple for support? senior support is useless,"@305273 We understand wanting a faster resolution rate. Please DM your iOS, iPhone model, and country. We'll begin supporting from there. https://t.co/GDrqU22YpT",software_and_update,,,,,,False,test
2408603,@AppleSupport my phone gets worse by the fucking day Bc y'all are childish &amp; know I'm a slave to capitalism. FIX. IT. NOW.,"@692594 Reach out to us via DM and fill us in on what is happening with your iPhone, then we can work together to get you back to expected performance. https://t.co/GDrqU22YpT",software_and_update,,,,,,False,dev
1394906,Siri keeps activating on my Watch Series 2. This started after installing watchOS 4. @AppleSupport,"@444386 Thanks for reaching out. We've received your DM, and we'll continue there. https://t.co/GDrqU22YpT",software_and_update,,,,,,False,test
1936047,"@applesupport I have a business order for PPU that is for today, but every time I call you guys it gets hung up and store is no help.",@576001 Send us a DM. We want to make sure we have all the details about your order so we can help find the best options. https://t.co/GDrqU22YpT,order_and_repair,,,,,,False,test
1408183,hi how do i fix my phone none of my texts are coming through ????? @115858,@447309 Let's get you back to texting. Can you send texts successfully? Are you connected to Wi-Fi or cellular data currently?,how_to_and_setup,,,,,,False,test
570183,@AppleSupport - Why would my IPhone suddenly be requesting my ID or password? I do not use the password for anything other than app purchases (None since getting the phone over a year ago) - There was a short message in grey before hitting the button.,"@253842 We understand that this can be concerning, especially if you're not expecting to see an alert. Do you recall any of the message that appeared?",account_and_security,,,,,,False,test
681987,"@115858 can u pls fix the freakin I️ already, this is annoying afffff",@282750 We'd love to help! Check out this article for a workaround for this issue: https://t.co/xXaXeeSRt9,other,,,,,,False,dev
1761152,So the rear camera on my iPhone just decided to stop working for some reason... 🤷🏻‍♂️. @115858,@530000 We can help you get your camera back in working order. Send us a DM to get started. https://t.co/GDrqU22YpT,device_hardware,,,,,,False,test
794552,"Its annoying how my iPhone constantly asks for me to sign back into itunes store or icloud, why? Ive not logged out! @115858",@309446 We can understand and would like to help. Did this begin after anything in particular?,billing_and_purchase,,,,,,False,test
1168962,@115858 the new update 11.0 and 11.0.1 is eating my battery solve this matter please,@394972 Let’s see what we can do. This article explains how to maximize battery life: https://t.co/bivpdfBNJ6 DM us if issue the persists. https://t.co/GDrqU22YpT,device_hardware,,,,,,False,test
1102919,How is my @115858 charger not supported for my Apple phone smh,@380261 We'd like to help. Are you getting an error message when you charge your device? Does the issue continue after a restarting?,billing_and_purchase,,,,,,False,test
2557431,"@AppleSupport Hi, I smelled something burning and it was my MacBook Pro power adapter at the base. Do you guys offer replacements or do I need to buy a new one? Its a 60W Magsafe 2. https://t.co/1ly5yO4x4i",@726062 We'd like to take a look into this with you. Send us a DM letting us know which MacBook Pro this charger is used with and we'll continue from there: https://t.co/GDrqU22YpT,order_and_repair,,,,,,False,dev
1413234,For as much as we pay for these phones this “I” glitch is unacceptable @AppleSupport,"@448427 You're in the right place for help. To get us started, may we get the iOS version shown in Settings &gt; General &gt; About?",software_and_update,,,,,,False,test
574920,"@applesupport how do I make a genius bar appointment?  the webpage is 403 forbidden.  I called the store number, but I am on hold.",@255250 What is the reservation regarding? We're happy to help. You can also try using the following link: https://t.co/PruGCHO1ib,order_and_repair,,,,,,False,test
2013850,When can we expect the unlocked version of iPhone X available for preorder or to get one from stores. @AppleSupport,@595475 We'll be glad to point you in the right direction. DM us which country you're in. We'll start there. https://t.co/GDrqU22YpT,order_and_repair,,,,,,False,test
556193,"@AppleSupport how do I transfer the ringtones I created, from my old iPhone to my new iPhone?","@249927 We love custom ringtones and would love to help. If the original files that you created are on your computer, you can use these steps to transfer them: https://t.co/Pm4DavkQln Otherwise, you won't be able to get them from one iPhone to another.",how_to_and_setup,,,,,,False,test
2177959,@115858 it is a NIGHTMARE to set up a new phone… now it seems that I MUST have access to the old phone number to recover MY information!!!,@359474 Let's look into this together. Send us a DM by clicking on the link below. We'll go from there. https://t.co/GDrqU22YpT,how_to_and_setup,,,,,,False,dev
1416044,iPhone 8 Plus almost blew up last night &amp; burn my house down due to a defective battery. Apple says stop by next week! @115858 @AppleSupport,@449088 Join us in DM. We'd like to see what we can do to assist. https://t.co/GDrqU22YpT,device_hardware,,,,,,False,test
2712585,@AppleSupport I dropped my iPad the side of the screen light black 3 dots,@761562 We'd like to help out. Go ahead and DM us some more details about this and we can work together. https://t.co/GDrqU22YpT,device_hardware,,,,,,False,test
1670655,"@AppleSupport Sorry for the late reply, but I figured it out! I was only viewing my ""Purchased"" movies. Thanks for reaching out!",@235373 Excellent. We're glad you got everything sorted. Feel free to reach out again if you need anything.,billing_and_purchase,,,,,,False,test
1672699,@AppleSupport I'm a T-Mobile user and I don't have SSN.. how can I enable the Cellular feature on the Apple Watch 3? They ask for SSN 💔👎🏻😢,@509079 We’ve received your DM and will continue there shortly. Thank you for your patience.,how_to_and_setup,,,,,,False,test
2696085,@AppleSupport can u plz make all Apple phone battery last longer because when my battery is 30 or 83% it is 20% in 10 or 20 seconds plz fix it,@757619 Battery life is important when it comes to your iPhone. We'd like to help you get it back in working order. Send us a DM. https://t.co/GDrqU22YpT,device_hardware,,,,,,False,dev
734909,my freaking icloud backed up everything from 2015/16 and all the old pics of my ex i deleted CAME BACK @18540 @115858 fix it,@295824 We understand your concern and would like to help you. Send us a DM to get started. https://t.co/GDrqU22YpT,service_and_connectivity,,,,,,False,test
1179932,.@AppleSupport how do I make it so my bluetooth doesn’t automatically turn on?,@294225 We'd like to help! Check out this article: https://t.co/G7BHuQnDS6,how_to_and_setup,,,,,,False,test
2372175,@684409 *I.....  @115858 fix this pls thanks yo,"@684408 You're in the right place for help. We did recently release iOS 11.1.1 which provides a fix for the auto-correct issue. If you haven't had the chance, we recommend updating to the most recent version. Let us know how that goes. https://t.co/80YRnjDFDk",other,,,,,,False,test
1974739,@AppleSupport iMac stuck on startup screen. Should I hold the power button down to try rebooting it? What is the best course of action? https://t.co/iOjuHkYRVd,@584793 We know how important it is to be able to use your Mac. Did this occur after trying to install an update? Please DM us: https://t.co/GDrqU22YpT,device_hardware,,,,,,False,test
1795737,"@AppleSupport Hi, got my screen repaired under warranty as became loose. Now repaired screen is becoming loose again. Help please",@539593 Thanks for reaching out! We’d be happy to see what options are available. DM us what country you’re located in to proceed. https://t.co/GDrqU22YpT,order_and_repair,,,,,,False,dev
1780925,"@AppleSupport When are you guys going to sort out the glitches with the last iPhone update. Sick of my phone crashing, Pages refreshing! 😡","@535075 Let us know via DM the type of iPhone that you have, then we can work with you and get this figured out. https://t.co/GDrqU22YpT",software_and_update,,,,,,False,test
1128271,"@AppleSupport this needs investigation, apple watch not supporting original charger https://t.co/LevhLVeBzw",@385988 We can definitely help. Could you Direct Message us and let us know what country you're located in? https://t.co/GDrqU22YpT,billing_and_purchase,,,,,,False,test
589572,@115858 is so annoying to have to wait multiple days to reset a password 🙄🙄🙄,@259398 We'd like to know more. Which process are you going through to reset your password?,account_and_security,,,,,,False,test
1065811,"@AppleSupport iTunes Store session expires every time I open iTunes. After I enter password, this pops up 3 more times. Windows 10. What do? https://t.co/rb7HYZr4RJ",@363012 Let's take a look at this. DM us what your iTunes version is and we can take a look at this. https://t.co/GDrqU22YpT,account_and_security,,,,,,False,test
2279841,"Why are those even an option for me, @115858 when are you gonna fix this glitch? https://t.co/VMoHiNYSPd","@662798 We released an update to help address the issues you're experiencing. Please back up your device, then update to 11.1.1. Please follow this for how to create a backup: https://t.co/tHicJHB57O Once complete, tap Settings &gt; General &gt; Software Update to update.",other,,,,,,False,dev
1752322,@527910 But how do we fix it??? @115858,@527909 Here’s what you can do to work around the issue until it’s fixed in a future software update: https://t.co/qODbOsp4wz,how_to_and_setup,,,,,,False,test
1997717,@115858 what’s going with the emoji issue &amp; iMessage issue?,"@590692 We want everything working smoothly for you. Connect with us by DM, and let us know more about what you're seeing. https://t.co/GDrqU22YpT",service_and_connectivity,,,,,,False,test
956342,"@AppleSupport It was due to a bug in MacOS and/or iMovie app, since last weeks updates it finally works again. Pfeew",@344238 Excellent! We're glad to see that the problem is resolved. Please feel free to reach out to us again if you need any more help. We’re available every day to answer your questions from 5am-8pm Pacific. Have a great day!,software_and_update,,,,,,False,test
1524084,"@AppleSupport Thx for showing me the obvious, however Blutooth still is automatically turned on as soon as I change to Flightmode off in iOS 11.1 🤔😕","@473486 That's correct. When disabling Airplane mode, Bluetooth &amp; Wi-Fi come back on if disabled from Control Center previously.",software_and_update,,,,,,False,test
2185381,@AppleSupport I want to send photo from my iPhone 6 to x i use same apple id my airdrop is receiving to all and still not showing the x,"@640022 Okay. Send us a DM, and we'll help from there. Thanks. https://t.co/GDrqU22YpT",account_and_security,,,,,,False,dev
1173055,Hello @AppleSupport can Animoji be blocked via parental controls? Serious. Can’t have iPhone X in home if it can send face-controlled poop.,@395906 Hey there! Good question! Here's information on some controls that Parental Controls allows: https://t.co/ZOXnGWIMDN,account_and_security,,,,,,False,test
2050602,"iOS 11.0.2 running on a 32 GB iPhone 7 Plus, microphone and speaker not working during calls. Battery drains quickly @AppleSupport",@606414 Thanks for reaching out to us. We'd like to help you and look into this further. Please DM us to continue working on this. https://t.co/GDrqU22YpT,device_hardware,,,,,,False,test
453990,"@115858 @AppleSupport @222744 Iphone7 plus red(in warranty) damaged, suddenly both camera were stop working, the ishop store in Mexico told me that they will repair my phone istead of replace it,Why is the reason that won't be replaced,if that is the Apple policy? URGENT!!","@222743 We appreciate you tweeting us today! Our iPhone warranty, found at https://t.co/DdDM6TezVe outlines the different options that may be used for servicing your iPhone, including repair.",order_and_repair,,,,,,False,test
2665323,So #iPhone8 or #iPhoneX? @115858 help me out.,@750950 This link can help you compare devices. https://t.co/oLi0y1y0xT,other,,,,,,False,test
2427324,"@AppleSupport Hi, I do use iCloud Photo Library and they disappear when I’m connected to wifi and when I’m not, I signed into iCloud on my laptop and they’re still there they’ve just disappeared from the phone",@361205 Send us a DM to continue. https://t.co/GDrqU22YpT,service_and_connectivity,,,,,,False,dev
517208,"Wow was on hold for like 10 min with @AppleSupport and they hung up on me , been tryin to recover my Apple ID password all week 😒😒",@239248 We are so sorry the call was interrupted. Let's get a call scheduled for you at your earliest convenience. Please tap here to meet us in a DM and we'll be glad to set that up: https://t.co/GDrqU22YpT,account_and_security,,,,,,False,test
631839,So @115858 my phone is completely fucked and now won't even turn on... S/O you guys!!,@269743 Let us help with your iPhone! You’ll want to start with the troubleshooting listed here: https://t.co/8MvHMFZ83h DM us if you’re still having issues after completing the steps. https://t.co/GDrqU22YpT,how_to_and_setup,,,,,,False,test
2619848,"@AppleSupport If i return new product , iphone , you refund full money , or what ?",@242309 Let's get you over to our Sales Support team who can help answer any questions you have about returning your iPhone. They'll be the best ones to look into your available options. Just follow this link to get to them: https://t.co/8yjRd1Xo0i,billing_and_purchase,,,,,,False,test
2676549,Out of the blue my 2016 MacBook won’t turn on and this is really an unexpected roadblock @115858,@753324 We're here for you. Send us a DM and we'll get started there. https://t.co/GDrqU22YpT,how_to_and_setup,,,,,,False,test
2734058,@115858 can you do something about this I️ please??? Who in your coding department fucked up that bad that it still hasn’t been fixed yet.,"@766305 We've released an update that includes a fix for autocorrect issues. Be sure to back up your device prior to updating, and let us know if the issue persists afterwards.",other,,,,,,False,dev
1780465,@AppleSupport can you help me with this ? i dont have an iphone and have not purchased netflix!! ?? https://t.co/5xg1atOdS5,"@534924 We are glad you reached out. Let's meet up in DM. For now, do not click any links or attempt to sign in via the email. https://t.co/GDrqU22YpT",billing_and_purchase,,,,,,False,test
1219213,"@AppleSupport Yes, all WiFi networks and I have restarted several times, seems to only fix the issue temporarily.",@290309 Thanks for clarifying this for us. Go ahead and send us a DM so we can look into this further with you. https://t.co/GDrqU22YpT,service_and_connectivity,,,,,,False,test
817856,"@AppleSupport Can't get into P/W &amp; Security without entering my P/W, which I can't reset as it sends the reset msg to my iPhone but doesn't arrive :(",@314791 We'll certainly want to take a closer look into this. Select the following link to join us in a DM and we'll continue there. https://t.co/GDrqU22YpT,account_and_security,,,,,,False,test
2894780,@AppleSupport I'm trying to get my iPhone 7 ready for recycling but I can't delete my iCloud account. I get a message saying 'Couldn't delete account. The account may be syncing data. Please try again.' I've also tried signing out on the Apple ID page but nothing happens.,@791237 Thank you for reaching out to us. We'd love to help with this. Could you please let us know in DM the software version you're using on your iPhone 7? https://t.co/GDrqU22YpT,service_and_connectivity,,,,,,False,test
744250,@AppleSupport Purchased no.  Downloaded via Apple Music subscription though.,@201000 Is iCloud Music Library enabled on your new iPhone? You can check at Settings &gt; Music. DM us and we will continue there. https://t.co/GDrqU22YpT,billing_and_purchase,,,,,,False,dev
2890718,"@AppleSupport It won’t let me join it, keeps telling me the password is wrong when it isn’t. That’s my issue.",@134431 Are you able to reboot that router? Let us know in DM. https://t.co/GDrqU22YpT,account_and_security,,,,,,False,test
1228049,"@AppleSupport wifi network. made sure that receiving is set to ""everyone"" on both devices. yet my MBP is still unable to discover my iphone",@408105 Thank you for that information. We'd like to continue working with you. Let's move our conversation to DM. https://t.co/GDrqU2kzhr,service_and_connectivity,,,,,,False,test
1951107,How can i order an unlocked iPhone X ? @AppleSupport @115858,"@579470 Thanks for reaching out to us. Please reach out to our Online Store team, here: https://t.co/8yjRd1Xo0i They can help with this! https://t.co/GDrqU22YpT",account_and_security,,,,,,False,test
1149732,@118845 your headphones are horrible quality. Never again,@390554 We'd like to hear more about what happened. Please DM us and we'll continue there. https://t.co/GDrqU22YpT,device_hardware,,,,,,False,test
1792831,@115858 my screen record button turns on and off whenever it wants to because it has a mind of its own pls help,@538494 We want to help. Send us a DM and let us know what device this is occurring with and we can continue from there. https://t.co/GDrqU22YpT,device_hardware,,,,,,False,dev
2843923,"@115858 was transferred to 3 different people, then hung up on, all in regards to your bad anti reflective coating issue - wow. just. wow. all I want is a repair timeline.",@791155 That's not the experience we want to provide. Meet us in DM to work on this further. https://t.co/GDrqU22YpT,how_to_and_setup,,,,,,False,test
1973539,@115858 Apple u wld b my hero if u can help me. Pre-Ordered iPhone X yesterday. 5-6 week delivery. iPhone 6+ died today horrible timing. HELP! DM ME,"@709251 We'd like to help. Please send us a DM with more details, and we'll get started. https://t.co/GDrqU22YpT",order_and_repair,,,,,,False,test
829582,".@AppleSupport any reason why my phone keeps overheating, freezing and the battery doesn’t last since the update? had no problems before!",@317560 We'd like to help! Send us a DM with the country that you are located in to continue. https://t.co/GDrqU22YpT,device_hardware,,,,,,False,test
152936,@AppleSupport my battery has drained down to 43% percent in less than 20 minutes. New normal? I have been told by your Genius Bar that other companies make devices. Should I end my loyalty with Apple?,@150985 We'd like to look into this with you. DM us and we'll get started there. https://t.co/GDrqU22YpT,device_hardware,,,,,,False,test
958020,@AppleSupport It asks me to login in to my Apple ID and then nothing happens.,"@347315 Thanks for that information. May we ask, what troubleshooting you've already tried? Let us know in DM. https://t.co/GDrqU22YpT",account_and_security,,,,,,False,dev
145196,My not so old #iphone6s has almost become a brick after the updates! Why @115858 ? Why would you do this to loyal customers. I will but the #iphoneX just don't shove it down my throat like this :-(,@148900 We'll do all we can to assist. Can you give us some details about your iPhone 6S? Is it updated all the way to iOS 11.1.2? What specific issues are making it hard to use?,software_and_update,,,,,,False,test
300598,@AppleSupport where to set the carrier account settings by default when ordering iPhone through the Apple store app?,"@176777 We can get you to the right spot. For help with purchasing, please reach out to our Online Store team:  https://t.co/8yjRd1Xo0i",order_and_repair,,,,,,False,test
1498660,This “I️” shut is ugly how do I️ fix it? @115858,"@467959 We want to take a look at this with you. Meet us over in DM, and we’ll get started there. https://t.co/GDrqU22YpT",how_to_and_setup,,,,,,False,test
1802535,smh my phone doesn't want to turn on @115858 fix this,@541622 Thanks for reaching out to us. We are always happy to help. Send us a DM so we can look into this together. https://t.co/GDrqU22YpT,how_to_and_setup,,,,,,False,test
2071899,"@83782 my brothers cable purchased from you was not good and stopped workin in few months, he give it to store and not get from 1 month, what kinda service you are providing? @115858",@612779 We appreciate you reaching out to us. We'd like to look into this further. Click here to join us DM. We'll continue there: https://t.co/GDrqU22YpT,billing_and_purchase,,,,,,False,dev
2020073,"Any help for @115858 iMessage not syncing ios11 between iPad, iPhone, iwatch",@194875 We'd love to help. DM us at the link below for further assistance. https://t.co/GDrqU22YpT,service_and_connectivity,,,,,,False,test
262970,@AppleSupport Is there a recommended app to test battery health (iPhone 5). Experiencing issues and trying to troubleshoot power.,@178658 We can totally help you out with your battery. Would you mind joining us in DM to get started? https://t.co/GDrqU22YpT,device_hardware,,,,,,False,test
2312837,@AppleSupport I have reset the password and the problem has not resolved what is going on !! https://t.co/vpFsfjlSUw,@670708 Hey there! We're happy you reached out about this issue. We recommend checking out this link with info: https://t.co/HH37urdbz9,account_and_security,,,,,,False,test
2729016,"Ya no aguanto más @115858 se perdió lo que érais, me he cansado de actualizaciones continuas, de errores, de almacenamiento irreal, de almacenamiento lleno, de icloud... Vosotros que érais diferentes a Microsoft en teoría...",@765153 We offer support via Twitter in English. Get help in Spanish here: https://t.co/IBIY3vMgPj or join https://t.co/OczyRx7IOs,service_and_connectivity,,,,,,False,test
2240842,"@AppleSupport I want to buy an app from App Store but my card gets declined everytime because my country isn't listed! 
Hello It's Morocco It's in north africa","@582964 We recommend contacting your local Apple Authorized Distributor for support, and they can be found here: https://t.co/6J9VP0njpe",billing_and_purchase,,,,,,False,dev
2515990,@AppleSupport My iPhone X was delivered with a little crack on the back. Will that get replaced/repaired? https://t.co/1ErwltgbnK,"@716727 We'd be happy to look into options for your iPhone X with you. Send us a DM, and we'll continue together there. https://t.co/GDrqU22YpT",order_and_repair,,,,,,False,test
1756277,"@AppleSupport I cant login to report a problem for an app purchase. When I log in it refreshes to the same log in page, issue for 2 days now",@528827 Happy to help. You can get in touch with our iTunes team for help. Get in touch with them here:  https://t.co/SDIe7UiyJN,account_and_security,,,,,,False,test
1626173,@AppleSupport Thanks.,@497961 You are welcome. We appreciate getting the chance to work with you.,software_and_update,,,,,,False,test
1744942,OKAY BUT SERIOUSLY @115858 make my 750$ phone stop doing this shit https://t.co/78nbDlSAuV,@526189 Here’s what you can do to work around the issue until it’s fixed in a future software update: https://t.co/xXaXeeSRt9,other,,,,,,False,test
1547616,"@AppleSupport this update sucks my phone needs to be charged 3 times a day, please fix. 100% this morning at 7:00 and it’s already at 49%.",@479151  We how important your battery life is and we want to help.  Send us a DM letting us know if you are updated to iOS 11.0.3. https://t.co/GDrqU22YpT,billing_and_purchase,,,,,,False,dev
92538,"@115858 Does this charger come with a warranty? Thank you and have a terrific day.

https://t.co/ikNhJkGb5e",@136039 We would like to help you look into all of your service options.  Please meet us in DM and we can take a closer look. https://t.co/GDrqU22YpT,billing_and_purchase,,,,,,False,test
1113190,@AppleSupport So the new phone you guys gave me today wont turn on now I've restored it.. I cant get any fucking info from my fucking phone because theres an unknown error after I restored it.  I cant even book an appointment without my phone.  Apple is a joke.,@382718 Let's make sure you have a working phone. Meet us in DM so we can get started. https://t.co/GDrqU22YpT,order_and_repair,,,,,,False,test
433055,@115858 any idea how much a screen replacement for an Apple Watch series 2 (38mm) is? As your custoner service don't...,@217995 We can help out. Pricing for both in and out of warranty service can be found here: https://t.co/vBb6q008sy,order_and_repair,,,,,,False,test
1666284,@AppleSupport This is a purchased song,@507627 Thanks for clarifying this for us. Are you able to download it again? This will help: https://t.co/I39AyMJNgb,billing_and_purchase,,,,,,False,test
1997333,@115858 what’s wrong with the letter I️ every time I️ try to type it by itself “A ?” comes up?,"@590580 We'd like to take a look at this with you. DM us, tell us the exact version of iOS 11 you're using and we'll go from there. https://t.co/GDrqU22YpT",other,,,,,,False,dev
1805403,So my iPhone charging cable just melted and started on fire while on my desk. @115858 @AppleSupport https://t.co/hs7pM1iaT6,@542457 Please meet us in DM. Let us know your country of residence and if this charger is original to your iPhone. https://t.co/GDrqU22YpT,device_hardware,,,,,,False,test
1541152,@115858 I never set up a restrictions pass code and now my old iPhone 7 won't let me erase and reset it without one. HELP,@445715 We're here for you. Are you wanting to restore it to factory settings or restore a backup on your iPhone?,how_to_and_setup,,,,,,False,test
2276962,@115858 I want to get the new iPhone X with monthly payments but the Apple store app says not taking reservations. May I ask why please?,@155290 We’re glad to help with ordering the new iPhone X! Our stores can show that when there are no available appointments. We’d like to refer you to our Sales team here for more help:  https://t.co/8yjRd1Xo0i,billing_and_purchase,,,,,,False,test
40539,@AppleSupport Hey! How do I permanently enable ‘Explicit’ content for Music? I have to manually enable it everytime. #AppleMusic,@124896 We'd like to help. Please meet us in DM and we'll take a further look at this together. https://t.co/GDrqU22YpT,how_to_and_setup,,,,,,False,test
1595067,@115858 my pictures didn’t transfer. 🤦🏾‍♂️ help?!,@490120 We’d like to see how we can help. Can you DM us some more details about the issue you're having? https://t.co/GDrqU2kzhr,how_to_and_setup,,,,,,False,dev
2840389,"How do I unlock MacBook if I’ve forgotten my password?? Any help is welcome, pleaseeee! @AppleSupport @156471",@790411 We'd love to help you gain access to your MacBook again. Check out this link for help with resetting your password: https://t.co/HvfRwsrSru Let us know the result.,account_and_security,,,,,,False,test
1391868,@115858 Your consumers deserve access to the following:  WATCH: Let us remove the timer from the face.  iOS11: Disable screenshot thumbnails.,@443725 We can help get you to the right place to make your suggestion. Provide your feedback here:  https://t.co/eTPVYVFyd8,device_hardware,,,,,,False,test
956406,@AppleSupport Not sure when the 11.0.3 was released. Last week? Works fine on the iPad but seems to freeze when trying to sync with iCloud,@346930 We want to help. Which iPhone model do you own?,service_and_connectivity,,,,,,False,test
2817231,Why after the latest update does my @115858 iPhone hold a charge for about 1/3 the time? Ya suspect. https://t.co/AzMh0gt9Ra,"@178654 We know how important it is for your iPhone's battery to keep a charge for as long as possible and we'd like to help. To start, please DM us with the country where you're located and model of iPhone you're using. https://t.co/GDrqU22YpT",billing_and_purchase,,,,,,False,test
297423,This iOS 11 draaaaaaiiinnnnnssss your battery.. omfg!!!!! @115858 fix this shit!,@186839 Let's get to the bottom of the battery issues you are seeing. Could you join us in DM with more info? https://t.co/GDrqU22YpT,device_hardware,,,,,,False,dev
1709196,@68643 @115858 Everytime I️ type “I️” it changes it’s so annoying!!!!,@517904 Here’s what you can do to work around the issue until it’s fixed in a future software update: https://t.co/xXaXeeSRt9,other,,,,,,False,test
1201136,"My phone is plugged in and charging but losing charge????

@AppleSupport wtf","@402233 Having a reliable iPhone is important, and we'd like to find a solution together. Are you using an Apple certified charger?",billing_and_purchase,,,,,,False,test
2292403,@115858 @AppleSupport what can I do if a support representative over the phone has offered an awesome courtesy solution for a repair but the store itself doesn't allow it? .. can a Canadian ship the product back to Apple? Please help! 😢,"@665724 We want to help you. DM us, and tell us a little bit more about what's going on exactly. We'll see what we can to do to assist you. https://t.co/GDrqU22YpT",order_and_repair,,,,,,False,test
2945776,Oh @AppleSupport … not sure how can I recover my password in this case :] https://t.co/jwNCmYCxeV,@813686 Thanks for reaching out. We want to be sure you can access our page to reset your password. Let us know if this helps: https://t.co/lRzEVxtJKt,account_and_security,,,,,,False,test
2210642,@AppleSupport how do I create a timer set up in home control? Let’s say I want a light to turn on at 5pm and turn off at 10pm?,@646135 Thanks for reaching out. Here is a great article to help you use the Home app on your iOS devices: https://t.co/ept6Vf2rqU,how_to_and_setup,,,,,,False,dev
1776282,Uhm okay @115858 how do I️ fix this issue,@533779 Here’s what you can do to work around the issue until it’s fixed in a future software update: https://t.co/xXaXeeSRt9,how_to_and_setup,,,,,,False,test
2958767,@AppleSupport Ive got the iPhone X! I want to have the battery % in the right top corner. Is that possible?,@142959 Got it! The iPhone X battery percentage is located in the Control Center. Feel free to submit feedback to us if you'd like to see it somewhere else: https://t.co/eTPVYVFyd8,device_hardware,,,,,,False,test
2062286,@115858 @115948 my music doesn’t download onto my phone! I have Apple Music help me and yes I’m using WiFi,@203882 We're happy to help with any music issue you're having. Go ahead &amp; reach out to us in DM &amp; we'll continue there. https://t.co/GDrqU22YpT,service_and_connectivity,,,,,,False,test
2896136,Dear @AppleSupport and @118101 .. #IOS11 has made my #ipadpro unfit for use (business) the replacement with #IOS10 from #appleshopbrighton wont register on the #EE network . All I'm told is reset and restore .. #ijustwantittowork !,"@802521 We'd be happy to look into this with you and figure out the best solution for getting your iPad activated. Are you getting an error message when trying to activate it? What have you tried so far, so that we don't repeat anything?",order_and_repair,,,,,,False,test
1433703,"@AppleSupport Whats going on with the ""I"" character? It's not being read correctly. It comes up like an unavailable character. Just a box.",@452880 We'd love to talk about that with you a bit more. Let's go into DM and we'll get started. https://t.co/GDrqU22YpT,software_and_update,,,,,,False,dev
2652495,@AppleSupport Can I still get an appointment today @102470 ave/NYC store?? Is the genius bar 24/7 too????,@748066 We're happy to help. Let's take a look at this further for you. Reach out to us in DM. https://t.co/GDrqU22YpT,order_and_repair,,,,,,False,test
2652652,"@AppleSupport Am sick of a poor product, poor software and poor customer support. I paid good money for my phone and contract &amp; it’s poor. If I had the money no way would pay over a grand for iPhone X when your getting poor software which you don’t fix. 😡😡😡😡",@263302 We'd like to help. Let's take this to DM and we'll explore ways to provide you assistance. https://t.co/GDrqU22YpT,software_and_update,,,,,,False,test
2300895,@AppleSupport -I can’t get my laptop out of safe mode. https://t.co/NWsIYc0G0N,@667791 We'd love to work on getting your Mac to work smoothly. Send us a DM using the link below with which macOS version you're using. We'll take it from there. https://t.co/GDrqU22YpT,software_and_update,,,,,,False,test
2675045,"@AppleSupport 11.0.3. Symptoms started in 11. Also happens in programs in bed/@ beach. Gets stuck in side orient or amalgam of both, blocking some buttons","@753008 We appreciate that information!  Next, have you tried the steps listed here: https://t.co/FvlNC7YmZ4",device_hardware,,,,,,False,test
565908,"@AppleSupport Hi, my iphone 8 plus got a black screen w/ spinning wheel in last 3 days. Restore it already and still happen. Still can use for incoming call, but the screen on and off w/ spinning wheel. The phone is getting hot. Please help.","@252644 Thanks for reaching out. Was the iPhone's restore completed and the device set up as new, or was it restored from a backup?",device_hardware,,,,,,False,dev
2729024,@115858 why does the reachability function on my iphone 8 keep failing?? It’s incredibly annoying having to switch my phone off and on again. I can’t even do a soft reset!,@765155 We are here to help. Let's take a look at this for you. What is your current iOS version?,other,,,,,,False,test
1161946,"@115858 your new update has been doing weird things to my phone, what gives?","@393372 We’re available to help. What’s happening with your iPhone? Also, is it fully updated to iOS 11.1? https://t.co/GDrqU22YpT",software_and_update,,,,,,False,test
145243,@AppleSupport why can't I add music from my computer (w/ itunes) to my iphone with Apple Music on ?,"@148918 With Apple Music and iCloud Music Library enabled, music you add to your library should already be available on your device through iCloud. This is why in order to manually sync the content, you'd need to turn off this feature.",billing_and_purchase,,,,,,False,test
2676050,When your phone decides to delete all of your photos and your iCloud account. I hate u @115858 🙃,"@753221 We're here for you! Send us a DM, and we'll take a closer look at this issue together. https://t.co/GDrqU22YpT",service_and_connectivity,,,,,,False,test
600443,How do I turn of Live Photo’s permanently??? It makes my photos really bad quality. @115858,"@262407 Thank you for reaching out to us. After turning off Live Photos within your Camera app, go to Settings &gt; Camera &gt; Preserve Settings. This article has more information for your reference: https://t.co/C3E4kiTqdx",how_to_and_setup,,,,,,False,dev
2852260,"@AppleSupport Yeah, I've tried that. It brings up the login page again, I type in my password again, and then it just gets stuck with loading bar at 50% again! I've also tried starting up in Recovery Mode and running a First Aid check on the Disk Utility but it doesn't say anything's wrong?",@793013 You've done some great steps so far. Let's move over to DM and continue there. https://t.co/GDrqU22YpT,account_and_security,,,,,,False,test
2364459,"@AppleSupport hi, my iCloud has been locked I’ve followed the steps and it isn’t working. Help please","@682653 Hi there. We’ll be glad to offer assistance. To clarify, is your Apple ID locked, or are you attempting to disable Activation Lock?",account_and_security,,,,,,False,test
1905776,"@AppleSupport just got it yesterday after screen replacement!!what should I do,it’s still freezing every now and then /job-DEL04101764307 https://t.co/KlE627n4jA",@227877 Let's move into Direct Message at the ilnk below. We'd like to take a look into this more with you today. https://t.co/GDrqU22YpT,order_and_repair,,,,,,False,test
2398109,all the shit siri ca do she cant turn on my flashlight smh @115858 yall need to get in that,@690161 Thanks for the feedback. We would encourage you to provide your feedback using the following link so your voice can be further heard: https://t.co/eTPVYVFyd8,how_to_and_setup,,,,,,False,test
566734,Hey @AppleSupport trying to register an Apple ID account to a new download of iTunes for a PC and I'm getting this error. What is wrong here? https://t.co/qlHdErIVfx,"@252875 Thanks for reaching out. We'd like some details to assist. Is the information requested entered in the correct fields? Let us know and confirm your country in a DM, we'll continue there. https://t.co/GDrqU22YpT",account_and_security,,,,,,False,dev
2036837,Dear @115858 this is the charger that came with my phone so not sure why it wouldn’t be supported but kindly back off… I’m frustrated 🙄 https://t.co/gES7VrO6J3,"@602207 We'd like to help. What kind of phone do you have? Also, when did you first notice this issue?",billing_and_purchase,,,,,,False,test
162811,"@AppleSupport Heard your offering a deal today, That you receive a gift card with a purchase. Can this be used along with student discount aswell ? 🍎 
Regards",@153613 Hi there. Please reach out to our Sales Support team with questions about purchasing. You'll find them here: https://t.co/8yjRd1Xo0i,billing_and_purchase,,,,,,False,test
1655589,@505248 @115858 My wife's 6 started with the touch disease. After our interactions with customer service we are boycotting @115858,@505247 We'd love to help. DM us what country or region you're located in. https://t.co/GDrqU22YpT,other,,,,,,False,test
613054,@AppleSupport Hi. Is there any way for me to know about the battery health of my iPhone 6s plus? Thank you in advance!,@265769 Thanks for reaching out. We'd be happy to help. Are you experiencing any issues with your battery or just curious? Please let us know more in DM. https://t.co/GDrqU22YpT,device_hardware,,,,,,False,test
2047831,"@AppleSupport can you please sort out the new iOS! Absolutely draining my battery, which previously was lasting all day! So! Frustrating!","@605616 Battery life is important, and we're here for you. To get started, DM us the device you're experiencing this on. https://t.co/GDrqU22YpT",software_and_update,,,,,,False,dev
1892175,@AppleSupport iPhone 7 Plus. Powerbeats 3. AirPods. And my cars Bluetooth sync 3 connection.,"@253148 Thanks for confirming that. You mentioned that the sound issue is with Apple Music, what about things like watching videos or talking on the phone, how's the quality?",service_and_connectivity,,,,,,False,test
1261229,"@AppleSupport I’m logged in on Apple Music but when I click on a song it takes me to the plan payment page, but when I select one it says I’m registered",@415458 We’re investigating this &amp; will update our System Status page as more info becomes available. https://t.co/Fcu0biZf0L,billing_and_purchase,,,,,,False,test
2570160,@AppleSupport Can I get a replacement cap for my Apple Pencil if my iPad has AppleCare?,@728920 We'd like to provide you the best details. DM us what country or region you're located in. https://t.co/GDrqU22YpT,order_and_repair,,,,,,False,test
2125973,@115858 I️ want you to fix this problem.,@626062 Here’s what you can do to work around the issue until it’s fixed in a future software update: https://t.co/xXaXeeSRt9,other,,,,,,False,test
1822052,@291700 I’m just having issues in general. @115858 needs to fix their shit.,@546983 Hello. Help is here! Let's meet in a DM and check a few things together. It will be our pleasure to get started here: https://t.co/GDrqU22YpT,other,,,,,,False,dev
1926162,@115858 can you please stop turning my Bluetooth on,@573259 Hello there. Can you share with us which device and the current iOS you're using? DM us and we'll continue from there. https://t.co/GDrqU22YpT,service_and_connectivity,,,,,,False,test
1249033,"@AppleSupport hi, why do I keep getting this message when trying to sign into app store? https://t.co/ExrK78GHIE","@393837 Thanks for reaching out, we're here to help. DM us here to continue: https://t.co/GDrqU22YpT",account_and_security,,,,,,False,test
2739471,@AppleSupport Nope!,"@767531 Thank you. Let's check to see if Restrictions is enabled and let us know in DM by clicking on the link below. You can locate this under Settings &gt; General &gt; Restrictions. If it is enabled, check to see if Accounts is set to ""Do Not Allow Changes"" https://t.co/GDrqU22YpT",software_and_update,,,,,,False,test
2436428,@AppleSupport 7+ and the newest version. Just link me IOS 10 bc iOS 11 trash and will always be trash,@698995 We don't have a way to downgrade the iOS version. Send us a DM and we can continue troubleshooting. https://t.co/GDrqU22YpT,software_and_update,,,,,,False,test
1442444,.@115858 wtf fck u guys doing ??? https://t.co/K56womfe8S,@454693 We'd like to help with replacement options. Meet with us in DM to work this out. https://t.co/GDrqU22YpT,other,,,,,,False,dev
487948,"@AppleSupport The only way to get the App Store to function properly is to restart my phone, which is a pain in the butt.","@231144 That's certainly not what we'd expect you to experience. We'll do all we can to assist. Just to confirm, are you running iOS 11.1.2, our most current version?",billing_and_purchase,,,,,,False,test
2296218,"@AppleSupport unable to fix @90385 device for Bluetooth headset... need help to fix it, reset networking n reset all done but still got stuck... help","@183379 We'd be happy to help out!  Just to make sure we're understanding, you are trying to select ""Forget This Device"" on a Bluetooth headset, but doing so causes your device to freeze.  Is that right?  Which device are you using currently?",service_and_connectivity,,,,,,False,test
1674182,My phone keeps autocorrecting the word I* to I️... how do I️ fix this?? @115858,@509410 Here’s what you can do to work around the issue until it’s fixed in a future software update: https://t.co/xXaXeeSRt9,how_to_and_setup,,,,,,False,test
1939983,@AppleSupport can someone please reach out to me in regards to my iPhone X preorder? I’ve already called CS &amp; visited a store w/o solution.,@577032 We certainly want to assistant with any issues and questions you may have. Select the following link to join us in a DM. https://t.co/GDrqU22YpT,order_and_repair,,,,,,False,test
1700916,@AppleSupport My voice mail asks me for a password but I never made a password,@515762 We've received your DM and will continue there.,account_and_security,,,,,,False,dev
816210,This new iOS 11.0.3 is fucking stupid my phones crashed 3 times since fucking downloading it @AppleSupport,@314362 Let's work together to get this resolved. Are you using a specific app when this occurs? Please DM us. https://t.co/GDrqU22YpT,software_and_update,,,,,,False,test
2025451,How come I woke up and the majority of my messages with saved contacts turned to unsaved phone numbers?? @115858 #iphoneproblems,"@598979 We can look into that with you. To start, DM us back and tell us the iOS version you're using? We'll pick it up from there. https://t.co/GDrqU22YpT",other,,,,,,False,test
2593266,@115858 this last update has completely trashed my phone pls fix it,@734405 We're here to help. Please tell us what's happening with your phone.,software_and_update,,,,,,False,test
2294878,@AppleSupport hi I'd like to know the health of my Battery it seems to be discharging a lot quicker than normal.,@666371 We'd like to help with the battery. DM us what iOS version you're on. https://t.co/GDrqU22YpT,device_hardware,,,,,,False,test
2731328,"Literally to the day, I finally pay off my iPhone plan/finish my contract, I get a warning ⚠️ saying my battery needs a service &amp; I need a replacement, so please visit an Apple store. 

How convenient for you @115858. This is getting beyond a joke.  

@AppleSupport @6623",@765684 We know how essential the battery is to using your iPhone. We'll be happy to look into your options. Can you DM us what country you are in? https://t.co/GDrqU22YpT,order_and_repair,,,,,,False,dev
1539355,@115858 you planning on fixing the glitch with the letter I️ anytime soon?,@477154 Let's look into this together over DM. Please message us the device model and version of OS you are using there: https://t.co/GDrqU22YpT,other,,,,,,False,test
2522516,Hey @117735 &amp; @115858 - which one of you is the reason my iPhone won’t let me make outbound calls?,"@718408 We'd love to help. Let's begin by restarting your iPhone. This will refresh network connectivity as well as the iPhone's software. Restart your iPhone: https://t.co/OWRDHWSt4h
Let us know how that goes?",other,,,,,,False,test
1498680,@AppleSupport $150.  If someone can contact the store and cancel the repair tomorrow morning that would be great. I doubt we get any help,@467964 Thanks for reaching out. Please send us a DM. https://t.co/GDrqU22YpT,order_and_repair,,,,,,False,test
1073816,@115858 you guys are really terrible. Not the service we came to respect. Bluetooth is horrible and the pixel is looking like a change 4 me,@373366 What kind of issues are you having with Bluetooth? Let us know so we can help.,service_and_connectivity,,,,,,False,test
924570,@AppleSupport Well she doesn’t respond to “hey Siri.” I’ve turned her off multiple times. And when I set her up it’s like my microphone doesn’t pick it up,@163969 Do you have Low Power Mode enabled right now?,software_and_update,,,,,,False,dev
225101,"@AppleSupport It appears, but I have to download it all manually to play it offline which is a very slow process as it crashes sometimes",@169775 Got it. DM us and we'll move forward with troubleshooting there. https://t.co/GDrqU22YpT,software_and_update,,,,,,False,test
1138395,@AppleSupport How about you book it in for an out or warranty repair to fix what you broke? I had to send my last iPhone back for repair for same issue,"@157897 If we need to service, we can certainly look into your options, but go ahead and DM us so we can get started. https://t.co/GDrqU22YpT",order_and_repair,,,,,,False,test
2450159,"@AppleSupport When I try to airdrop from my ‘15 MacBook Pro, it can’t find my iPhone 😐",@702216 Do you have the Personal Hotspot turned on for the iPhone? See the Tips section here: https://t.co/EEbaFQMCMU,software_and_update,,,,,,False,test
1626581,Y’all really killing me with this “I” shit for real @115858 fix it,@498064 We'd be happy to help. Send us a DM with a screenshot of what you are seeing. https://t.co/GDrqU22YpT,other,,,,,,False,test
2066241,"@611028 @239037 @611029 I *hate* this @115858 change. Disconnect wifi, toggle airplane mode to force power off. Toggle again. Wifi not only powers on but connects.","@544074 Are you using Control Center to control Wi-Fi? If so, this is expected behavior: https://t.co/G7BHuQnDS6
Questions? DM us: https://t.co/GDrqU22YpT",service_and_connectivity,,,,,,False,dev
151509,"@AppleSupport When do you think you might ""fix"" the glitch when using the pronoun ""I"" while texting, tweeting, etc.????","@150602 An update has been released to assist with this issue. If you haven’t yet, please back up your device and update it to iOS 11.1.2. For more info, check out: https://t.co/4f8hwT5to6",software_and_update,,,,,,False,test
2004718,"@115858 uhm can u fix the fact that when the word I️ is typed, this a then the question in the box replaces it??",@592819 Thanks for bringing this to our attention. Can you let us know which iOS version you're using? Send us a DM here: https://t.co/GDrqU22YpT,order_and_repair,,,,,,False,test
1877213,@115858 you guys wanna buy me a new phone? Because iOS 11 and all the updates have destroyed it. Can’t even use it without freezing.,@560366 We're happy to assist. Which iOS 11 version are you currently running? Let us know in a DM and we'll continue there. https://t.co/GDrqU22YpT,software_and_update,,,,,,False,test
1954668,Wtf kind of contact info setup is this @115858 https://t.co/oT5H9DwRzg,"@580223 We'd love to assist you. DM us your exact software version from Settings &gt; General &gt; About, next to version. https://t.co/GDrqU22YpT",how_to_and_setup,,,,,,False,test
2898970,@AppleSupport So i have a pending charge for hulu but i canceled my subscription... HELP,"@803134 Hey, we want to make sure that's taken care of. Please reach out to our iTunes Store team as they handle billing related issues: https://t.co/SDIe7UiyJN",billing_and_purchase,,,,,,False,dev
240111,Seriously @115858 you've released an interim #OS11 update &amp; not fixed the wifi/Bluetooth staying on issue; surely this isn't a feature?!,@173033 We can certainly look into this with you. Are you referring to Wi-Fi and Bluetooth functionality in the Control Center?,service_and_connectivity,,,,,,False,test
1464352,Anyone else find @115858 CarPlay so annoying to use? How do I️ stop letting Siri read my texts out loud when I’m driving?!?,@459895 We're here to help. Reach out to us in a DM and we will work from there. https://t.co/GDrqU22YpT,how_to_and_setup,,,,,,False,test
701670,"@AppleSupport any idea why some of my contacts are no longer saved in my phone? Just unlocked it and BAM, a ton of numbers without saved names??","@287520 Hello there. Let's look into this together and get your contacts back. To get started, let's check how you backup your Contacts (Settings &gt; Contacts &gt; Default Account). What do you see? If you'd prefer to DM, please tap here: https://t.co/GDrqU22YpT",account_and_security,,,,,,False,test
1849594,"The latest iOS update has shrunk my screen, made my WiFi connection go slower, reduced my battery life and memory space. Cheers @115858","@122601 We're here for you. Send us a DM with more details of what's happening, and your iOS version, and we'll go from there: https://t.co/GDrqU22YpT",device_hardware,,,,,,False,test
1532222,@475269 @AppleSupport fix this!!!,@475268 We'd be happy to look into this with you! Send us a DM to get started. https://t.co/GDrqU22YpT,software_and_update,,,,,,False,dev
2477673,@115858 i now have definitely the issue with the #iPhoneX that the touch doesn’t respond when it’s cold. Solution?,@204715 That's unexpected. Let us help. Which version of iOS are you using? You can check in Settings &gt; General &gt; About.,other,,,,,,False,test
1817572,"@AppleSupport Hi, I’ve just realized that my late-2013’15 rMBP battery is swollen with just 100 cycles. Do I need to pay for a replacement?",@545956 Let’s work together to determine your options. Could you let us know more details via a DM? We’ll go from there. https://t.co/GDrqU22YpT,order_and_repair,,,,,,False,test
2311823,@AppleSupport really do not like that I can no longer arrange and manage my app. iTunes 12.7 sucks! Can I roll back?,"@670442 We understand your concerns, and would like to offer support with the latest version of iTunes. Meet us in a DM, we can start there.

You can also submit feedback on this matter as well. Here's how: https://t.co/NOl6FvArt2 https://t.co/GDrqU22YpT",billing_and_purchase,,,,,,False,test
187445,Dear @AppleSupport my iPad’s sound and camera suddenly stop working it was working fine till evening.. now not working,@159986 We'll do everything we can to help you with this. What steps have you tried on your own?,device_hardware,,,,,,False,test
1550825,"I've had to sign in to all my emails 15 times today, icloud isn't working so imessage isn't working and bluetooth won't connect. @115858 why",@220975 We're here for you. DM us the iPhone you're using and the iOS version you're running to get started. https://t.co/GDrqU22YpT,service_and_connectivity,,,,,,False,dev
2295345,@AppleSupport can I get a new charger just by dropping in or do I have to book an appointment? Still within years warranty,"@666499 Great question! We know that your time is valuable, so we always recommend scheduling an appointment prior to visiting the store. Locate the nearest store and schedule your appointment here: https://t.co/PruGCHO1ib",order_and_repair,,,,,,False,test
648582,"My phone is shitting the bed and I'm screaming I'm too poor for a new phone @115858, ok?? Let me be. Please?","@274138 We'd be happy to see how we can help. What's going on with your iPhone? DM us with a detailed description using the link below, and we'll work together to find a solution. https://t.co/GDrqU22YpT",other,,,,,,False,test
1271062,why does this keep happening? 🤔 I'm putting in the right password! @AppleSupport https://t.co/LE9OBFBVIJ,@298128 We have a few steps for you to take: https://t.co/yoNhV7Et2A,account_and_security,,,,,,False,test
2677923,@AppleSupport i want to set up an appointment at the Philadelphia genius bar.  how can i do that?,@753617 We love to help with any issue you're experiencing. What's going on? Reservations can be made here: https://t.co/ugGWwe3u7S,how_to_and_setup,,,,,,False,test
